{
  "../../node_modules/mermaid/dist/mermaid-6dc72991.js -> ./blockDiagram-9f4a6865.js": {
    "id": 6705,
    "files": [
      "static/chunks/3449.90a692696f89dae8.js",
      "static/chunks/5276.6eff4d5729241f09.js",
      "static/chunks/585.f3ee6c5fdbba265a.js",
      "static/chunks/6705.03198cbdb7b4d4fe.js"
    ]
  },
  "../../node_modules/mermaid/dist/mermaid-6dc72991.js -> ./c4Diagram-ae766693.js": {
    "id": 2057,
    "files": [
      "static/chunks/2057.2c6af80946e0e796.js"
    ]
  },
  "../../node_modules/mermaid/dist/mermaid-6dc72991.js -> ./classDiagram-fb54d2a0.js": {
    "id": 3553,
    "files": [
      "static/chunks/3449.90a692696f89dae8.js",
      "static/chunks/1644.a2d5b63b2b0dd6e6.js",
      "static/chunks/6336.0c0ca25170a75bfb.js",
      "static/chunks/3553.9df5f9317bb8a1bd.js"
    ]
  },
  "../../node_modules/mermaid/dist/mermaid-6dc72991.js -> ./classDiagram-v2-a2b738ad.js": {
    "id": 7327,
    "files": [
      "static/chunks/3449.90a692696f89dae8.js",
      "static/chunks/5276.6eff4d5729241f09.js",
      "static/chunks/1644.a2d5b63b2b0dd6e6.js",
      "static/chunks/585.f3ee6c5fdbba265a.js",
      "static/chunks/4015.d7dbf5d4ae51f883.js",
      "static/chunks/6336.0c0ca25170a75bfb.js",
      "static/chunks/7327.57360e724722ce8a.js"
    ]
  },
  "../../node_modules/mermaid/dist/mermaid-6dc72991.js -> ./erDiagram-09d1c15f.js": {
    "id": 4162,
    "files": [
      "static/chunks/3449.90a692696f89dae8.js",
      "static/chunks/1644.a2d5b63b2b0dd6e6.js",
      "static/chunks/4162.f432a42f8ab344d7.js"
    ]
  },
  "../../node_modules/mermaid/dist/mermaid-6dc72991.js -> ./flowDiagram-b222e15a.js": {
    "id": 756,
    "files": [
      "static/chunks/3449.90a692696f89dae8.js",
      "static/chunks/5276.6eff4d5729241f09.js",
      "static/chunks/1644.a2d5b63b2b0dd6e6.js",
      "static/chunks/585.f3ee6c5fdbba265a.js",
      "static/chunks/4015.d7dbf5d4ae51f883.js",
      "static/chunks/7474.70aba9ec7566391c.js",
      "static/chunks/756.10ac3796d4e90817.js"
    ]
  },
  "../../node_modules/mermaid/dist/mermaid-6dc72991.js -> ./flowDiagram-v2-13329dc7.js": {
    "id": 407,
    "files": [
      "static/chunks/3449.90a692696f89dae8.js",
      "static/chunks/5276.6eff4d5729241f09.js",
      "static/chunks/1644.a2d5b63b2b0dd6e6.js",
      "static/chunks/585.f3ee6c5fdbba265a.js",
      "static/chunks/4015.d7dbf5d4ae51f883.js",
      "static/chunks/7474.70aba9ec7566391c.js",
      "static/chunks/407.1f033106645f6827.js"
    ]
  },
  "../../node_modules/mermaid/dist/mermaid-6dc72991.js -> ./flowchart-elk-definition-ae0efee6.js": {
    "id": 5777,
    "files": [
      "static/chunks/72fdc299.1d6ab33ec489f59d.js",
      "static/chunks/5276.6eff4d5729241f09.js",
      "static/chunks/585.f3ee6c5fdbba265a.js",
      "static/chunks/7474.70aba9ec7566391c.js",
      "static/chunks/5777.ea9a2e6a12f166e3.js"
    ]
  },
  "../../node_modules/mermaid/dist/mermaid-6dc72991.js -> ./ganttDiagram-b62c793e.js": {
    "id": 7644,
    "files": [
      "static/chunks/7644.e61f0432b1b23967.js"
    ]
  },
  "../../node_modules/mermaid/dist/mermaid-6dc72991.js -> ./gitGraphDiagram-942e62fe.js": {
    "id": 2650,
    "files": [
      "static/chunks/2650.8ae60e3e5479d572.js"
    ]
  },
  "../../node_modules/mermaid/dist/mermaid-6dc72991.js -> ./infoDiagram-94cd232f.js": {
    "id": 3172,
    "files": [
      "static/chunks/3172.b05d780116283aa9.js"
    ]
  },
  "../../node_modules/mermaid/dist/mermaid-6dc72991.js -> ./journeyDiagram-6625b456.js": {
    "id": 8913,
    "files": [
      "static/chunks/8913.524bf10043786ff1.js"
    ]
  },
  "../../node_modules/mermaid/dist/mermaid-6dc72991.js -> ./mindmap-definition-307c710a.js": {
    "id": 2616,
    "files": [
      "static/chunks/90912e1b.7c8eb1b23275c7c2.js",
      "static/chunks/5276.6eff4d5729241f09.js",
      "static/chunks/2616.c88baa68258687da.js"
    ]
  },
  "../../node_modules/mermaid/dist/mermaid-6dc72991.js -> ./pieDiagram-bb1d19e5.js": {
    "id": 2128,
    "files": [
      "static/chunks/2128.20087e7950829810.js"
    ]
  },
  "../../node_modules/mermaid/dist/mermaid-6dc72991.js -> ./quadrantDiagram-c759a472.js": {
    "id": 7921,
    "files": [
      "static/chunks/7921.bc8309542a774220.js"
    ]
  },
  "../../node_modules/mermaid/dist/mermaid-6dc72991.js -> ./requirementDiagram-87253d64.js": {
    "id": 5914,
    "files": [
      "static/chunks/3449.90a692696f89dae8.js",
      "static/chunks/1644.a2d5b63b2b0dd6e6.js",
      "static/chunks/5914.2714535b1368c787.js"
    ]
  },
  "../../node_modules/mermaid/dist/mermaid-6dc72991.js -> ./sankeyDiagram-707fac0f.js": {
    "id": 1289,
    "files": [
      "static/chunks/1289.b4000a8a709656a9.js"
    ]
  },
  "../../node_modules/mermaid/dist/mermaid-6dc72991.js -> ./sequenceDiagram-6894f283.js": {
    "id": 9129,
    "files": [
      "static/chunks/9129.0ae7053153dc0356.js"
    ]
  },
  "../../node_modules/mermaid/dist/mermaid-6dc72991.js -> ./stateDiagram-5dee940d.js": {
    "id": 9874,
    "files": [
      "static/chunks/3449.90a692696f89dae8.js",
      "static/chunks/1644.a2d5b63b2b0dd6e6.js",
      "static/chunks/7518.274d5aaafad5b51e.js",
      "static/chunks/6097.ba78fa970b506315.js"
    ]
  },
  "../../node_modules/mermaid/dist/mermaid-6dc72991.js -> ./stateDiagram-v2-1992cada.js": {
    "id": 7832,
    "files": [
      "static/chunks/3449.90a692696f89dae8.js",
      "static/chunks/5276.6eff4d5729241f09.js",
      "static/chunks/1644.a2d5b63b2b0dd6e6.js",
      "static/chunks/585.f3ee6c5fdbba265a.js",
      "static/chunks/4015.d7dbf5d4ae51f883.js",
      "static/chunks/7518.274d5aaafad5b51e.js",
      "static/chunks/7832.c9a6da657b60c718.js"
    ]
  },
  "../../node_modules/mermaid/dist/mermaid-6dc72991.js -> ./timeline-definition-bf702344.js": {
    "id": 5998,
    "files": [
      "static/chunks/5998.958eed68ecd5bca3.js"
    ]
  },
  "../../node_modules/mermaid/dist/mermaid-6dc72991.js -> ./xychartDiagram-f11f50a6.js": {
    "id": 5493,
    "files": [
      "static/chunks/5276.6eff4d5729241f09.js",
      "static/chunks/5493.37b33e0fedb68745.js"
    ]
  },
  "../../node_modules/mermaid/dist/mermaid-6dc72991.js -> katex": {
    "id": 4433,
    "files": [
      "static/chunks/d0e0b3a8.3465156450f6653a.js"
    ]
  },
  "../routes/Detail/PostDetail/CommentBox/index.tsx -> ./Cusdis": {
    "id": 4080,
    "files": [
      "static/chunks/4080.2441c09f6f1623ae.js"
    ]
  },
  "../routes/Detail/PostDetail/CommentBox/index.tsx -> ./Utterances": {
    "id": 1512,
    "files": [
      "static/chunks/1512.66ae5c0ad3d572d6.js"
    ]
  },
  "../routes/Detail/components/NotionRenderer/index.tsx -> react-notion-x": {
    "id": 4793,
    "files": [
      "static/chunks/4728.1349580490ff5c22.js",
      "static/chunks/4793.79b52388649d0615.js"
    ]
  },
  "../routes/Detail/components/NotionRenderer/index.tsx -> react-notion-x/build/third-party/code": {
    "id": 1794,
    "files": [
      "static/chunks/4728.1349580490ff5c22.js",
      "static/chunks/1794.a237f4e0bec18794.js"
    ]
  },
  "../routes/Detail/components/NotionRenderer/index.tsx -> react-notion-x/build/third-party/collection": {
    "id": 635,
    "files": [
      "static/chunks/3607272e.ef7b96a9d1caf11f.js",
      "static/chunks/4728.1349580490ff5c22.js",
      "static/chunks/5853.060ff103cbb1aa99.js"
    ]
  },
  "../routes/Detail/components/NotionRenderer/index.tsx -> react-notion-x/build/third-party/equation": {
    "id": 7274,
    "files": [
      "static/chunks/175675d1.948ac199909b1aa8.js",
      "static/chunks/4728.1349580490ff5c22.js",
      "static/chunks/7274.5d876e57eb273644.js"
    ]
  },
  "../routes/Detail/components/NotionRenderer/index.tsx -> react-notion-x/build/third-party/modal": {
    "id": 6873,
    "files": [
      "static/chunks/6873.57977d63c1f7b02d.js"
    ]
  },
  "../routes/Detail/components/NotionRenderer/index.tsx -> react-notion-x/build/third-party/pdf": {
    "id": 924,